seed,heldout_member_count,heldout_nonmember_count,member_mean_score,nonmember_mean_score,mean_gap_nonmember_minus_member,t_statistic,p_value
11,3,3,0.8807687949360409,-0.012333725273599697,-0.8931025202096405,1.4024855610227314,0.8580572338236405
12,3,3,0.8261753284378927,-0.1383141842556992,-0.9644895126935918,1.3850524181007287,0.8628638910444479
