{"ppl": [3.4041430950164795, 7.5500898361206055, 4.4242682456970215, 2.00754451751709, 7.172920227050781, 10.481219291687012, 6.693519115447998, 5.453333377838135, 15.632125854492188, 13.246209144592285, 15.467073440551758, 20.119733810424805, 9.407944679260254, 20.013967514038086, 8.604077339172363, 8.622843742370605, 20.15907859802246, 17.300830841064453, 8.883971214294434, 3.697303295135498], "lowercase_ppl": [3.401801109313965, 8.225584030151367, 4.699588775634766, 3.643897533416748, 8.801355361938477, 11.90752124786377, 7.9731950759887695, 8.040783882141113, 16.991859436035156, 15.456405639648438, 18.752344131469727, 19.270307540893555, 12.264914512634277, 20.536630630493164, 9.149456977844238, 9.690042495727539, 24.548948287963867, 18.942018508911133, 10.851161003112793, 4.2094407081604], "k_min_probs_0.05": [2.9272408578435716e-05, 0.0032662830417393707, 0.0018465855438262223, 0.00015757091026898706, 0.0005977560675091808, 0.000989037377294153, 0.0015355146175716073, 0.0013974342049550615, 0.042500794617953946, 0.011385166502223001, 0.011713912987615913, 0.0028945153138920433, 0.003188168497908919, 0.029239732353016735, 0.0006669963232707232, 0.0057953011116478595, 0.014192276677349583, 0.016957506838007248, 0.0015713358392531519, 0.00010484356211236445], "k_min_probs_0.1": [7.397821315960612e-05, 0.008073365393833156, 0.0037357710374920977, 0.0003262476822569357, 0.0020228344605771674, 0.003170688945900503, 0.00520108031467352, 0.004734905547183207, 0.09925436948669455, 0.032388948747158045, 0.03457706387716291, 0.010590715787033083, 0.019651232606021023, 0.09337558613304853, 0.0021295142628243377, 0.023050179223954567, 0.061971515529519676, 0.07609067499470257, 0.004766919691296518, 0.0004914047684388945], "k_min_probs_0.2": [0.0002297049416263101, 0.028822677924657838, 0.012085262791016231, 0.0008974818153511282, 0.008089693182192409, 0.020059592984776543, 0.017192738200594925, 0.014242700447690973, 0.2632038796572862, 0.10070500163257355, 0.10384729969732956, 0.054878285490874486, 0.08797158157940609, 0.23853790994468785, 0.007348089766238962, 0.07413359855298254, 0.20793217017147553, 0.22118731248528825, 0.023765136572275844, 0.002287695295941447], "k_min_probs_0.3": [0.0009139383683868146, 0.06894606557762017, 0.0294559571642453, 0.002060221384364887, 0.02269603881236762, 0.06490547850300418, 0.03568666445162129, 0.031794900245366235, 0.4614735821442379, 0.19782417802107255, 0.23059675991923237, 0.1663303956244455, 0.1909005609033818, 0.41988202520901813, 0.021592739807994234, 0.15339109228312928, 0.4017428241898777, 0.4137293963021578, 0.06967649725268178, 0.005433551828490654], "k_min_probs_0.4": [0.0033144985889740765, 0.13580802843720377, 0.05596025766320892, 0.00413773139767531, 0.06591081991394936, 0.16384916243060063, 0.07906521734277668, 0.06313218635659278, 0.6916850153099457, 0.32082096402444793, 0.39580030840400415, 0.35186827741936927, 0.31710793561619005, 0.623264539771138, 0.05780392060471201, 0.2721503483955851, 0.6042768105269037, 0.6405383118924464, 0.1488141710014151, 0.010996028539987974], "k_min_probs_0.5": [0.011864658770740806, 0.23762471957195563, 0.0946026241936374, 0.007631394163595984, 0.16771568790052913, 0.32723159908348987, 0.15020480981226736, 0.12853245728614032, 0.9344430855178193, 0.4962874521452642, 0.6254821320281218, 0.5995847358745189, 0.4721004994602695, 0.8777356009884719, 0.1516806954900305, 0.4238327298958229, 0.8476014022958492, 0.8788700135171572, 0.26008720494096005, 0.021604170092259845], "k_min_probs_0.6": [0.03357637828580077, 0.43484629311505535, 0.16580423768579328, 0.014286997733117365, 0.3512539217356022, 0.5645675976801393, 0.28328248065809974, 0.2464292393633722, 1.1970503561611514, 0.7597260749021277, 0.9012700807152154, 0.9150959633413068, 0.6700311723008596, 1.178908825896869, 0.33004941850178954, 0.6237961853679544, 1.1429088745039646, 1.1630471698284477, 0.43883943871605285, 0.04536779637339434], "k_max_probs_0.05": [8.264475326538086, 9.12532060623169, 8.22024745941162, 6.82555585861206, 8.86096710205078, 9.79619270324707, 9.688470211029053, 8.861012229919433, 8.750192050933839, 10.247438774108886, 10.28661521911621, 11.221690940856934, 10.142011966705322, 10.286433143615723, 10.139824676513673, 8.69929027557373, 10.94494270324707, 9.083165740966797, 9.99610866546631, 9.027335262298584], "k_max_probs_0.1": [6.837324768889184, 7.6356574694315595, 6.910499946743834, 5.022956001992319, 7.662437233270383, 8.422321169984107, 8.147230905645033, 7.366666475931804, 7.675096175249885, 8.752020536684523, 9.0028891656913, 9.720717991099638, 8.092120049046535, 8.80613354140637, 8.570707620358935, 7.393572395923091, 9.275898082583558, 8.177109559377035, 8.440051144244624, 7.520312496260101], "k_max_probs_0.2": [5.127798505857879, 6.0247957729825785, 5.293076442737205, 3.2180224113604603, 6.205840421657936, 6.862579149358413, 6.364142555816501, 5.668275113199272, 6.525356526468315, 7.116369943992765, 7.383952416625678, 8.103675678664564, 6.365241700527715, 7.349663832608392, 6.745296151030297, 6.077769029374216, 7.5764587953978895, 6.912194270713656, 6.83817637200449, 5.5111107054878685], "k_max_probs_0.3": [3.8641285514519885, 5.1156706139932275, 4.216430340717041, 2.260347745874349, 5.166075363657833, 5.803785490833856, 5.211529554105272, 4.651280244191487, 5.73396273687774, 6.052929105322345, 6.289776538711747, 7.0121151762071, 5.333688095504162, 6.4752704551796505, 5.723440795162924, 5.148746319066465, 6.553441293878493, 6.067135143903346, 5.671907702302621, 4.128052946009667], "k_max_probs_0.4": [3.0169638710133, 4.402609620024176, 3.472494083876703, 1.7239449792998094, 4.398901223551993, 5.0273519532353275, 4.330900269396165, 3.8735004634249446, 5.0777447340535184, 5.319193276704526, 5.494865396443536, 6.131784324552498, 4.599867202487647, 5.722712638331394, 4.887073376015121, 4.451322091560738, 5.794452414793127, 5.381625611408084, 4.804414831540164, 3.206123887908225], "k_max_probs_0.5": [2.4426109131352574, 3.8096569131402407, 2.884062768080655, 1.3888022955726176, 3.7729099970237883, 4.376083995314206, 3.657007222549588, 3.2683098776667725, 4.564213129118377, 4.675063170638739, 4.85526216544357, 5.407979548211191, 4.014517332993302, 5.115125100752887, 4.158167705348894, 3.888448250994963, 5.1631271726944865, 4.82524639858919, 4.113268761307586, 2.598336085589493], "k_max_probs_0.6": [2.0433779200052027, 3.2838430353044683, 2.445466764076473, 1.1609915568055038, 3.2399141908276317, 3.812071567656947, 3.1210713786821738, 2.7897633643808706, 4.121090168656867, 4.09774501280847, 4.305777636228823, 4.774024730024774, 3.5290097833848466, 4.578540891603707, 3.5546283702445187, 3.4136116828014647, 4.608184887692819, 4.328440613216824, 3.546682797031465, 2.1761526730203746], "min_k_plus_plus_0.05": [3.7739466571807863, 3.2540757179260256, 3.0043017721176146, 2.5233103799819947, 2.960455131530762, 3.049577054977417, 3.025292558670044, 2.071934700012207, 2.765653624534607, 3.2481149196624757, 3.0784708738327025, 3.171768159866333, 3.3106173706054687, 3.07980815410614, 2.4668187141418456, 2.568175587654114, 3.2060741996765136, 2.2114014625549316, 3.4156038570404053, 2.640795350074768], "min_k_plus_plus_0.1": [2.395459345742768, 2.4236047197790707, 2.1639041456521726, 1.415936503255758, 1.9905342962227615, 2.257559428028032, 2.244812116903417, 1.5337061835270303, 2.1199775536855063, 2.406419501585119, 2.307807625508776, 2.397150161219578, 2.41229977794722, 2.3182072522593478, 1.8858948361639882, 1.949887376205594, 2.418838795493631, 1.8181366499732523, 2.4544940742791868, 1.8575830669964062],