{"ppl": [6.583747386932373, 4.182406902313232, 4.638123989105225, 9.300626754760742, 3.4184374809265137, 1.6654796600341797, 8.795222282409668, 9.069491386413574, 7.80557107925415, 11.16140365600586, 1.481812596321106, 1.3872265815734863, 12.899776458740234, 3.7709052562713623, 5.960261344909668, 9.144502639770508, 17.423063278198242, 5.813241958618164, 17.064205169677734, 15.963988304138184], "lowercase_ppl": [6.866950035095215, 5.410271644592285, 7.529817581176758, 11.554190635681152, 4.948121070861816, 1.6369168758392334, 9.350354194641113, 11.951433181762695, 9.167635917663574, 12.613649368286133, 1.481812596321106, 5.969283580780029, 14.937567710876465, 4.201224327087402, 7.907948970794678, 9.41720199584961, 19.015453338623047, 6.531851291656494, 20.074726104736328, 19.53052520751953], "k_min_probs_0.05": [0.0015502540525631047, 0.0002115605611470528, 0.0006571938743581995, 0.0013752782478695736, 0.00010556631143117557, 4.262912275123653e-06, 0.000998100294964388, 0.001415093927644193, 0.007631560107693076, 0.0028347253223182634, 1.4524319103657035e-05, 4.8637243480698086e-06, 0.006807682877406478, 0.0001917665352812037, 0.0024024079681839792, 0.0009610154984693508, 0.02471088382881135, 0.004259778577834368, 0.011061702473089099, 0.010013479413464666], "k_min_probs_0.1": [0.004138767921996951, 0.0005189518436536138, 0.0019045229907051714, 0.003105955022357532, 0.0004909743803877706, 8.655477454557486e-06, 0.003055399581082348, 0.0034726808308715037, 0.013747823420072011, 0.009490812607349226, 3.0042468855147792e-05, 1.22129892262962e-05, 0.02395316793619856, 0.0007834741306450108, 0.006174144295715343, 0.003254204885403548, 0.07951996418620076, 0.009287354545485155, 0.02465850463155292, 0.037574384128674865], "k_min_probs_0.2": [0.012034112579367859, 0.0013163255827356468, 0.006001720314374075, 0.010693195187937533, 0.0021253890334032893, 3.776221122018732e-05, 0.010485220776115288, 0.022995999768860274, 0.02707570185656568, 0.03003691679609177, 8.598558422943147e-05, 5.791280550310523e-05, 0.11892492417017837, 0.0027853090493818837, 0.017479310139463574, 0.010018315708186813, 0.24983333921238013, 0.023500402161267166, 0.06332966947115447, 0.11066229085611436], "k_min_probs_0.3": [0.031474278662119784, 0.002536994402855711, 0.013759104930548442, 0.02918005301501051, 0.006399958862798158, 0.00013755438597624133, 0.029019867041295857, 0.07683713680051048, 0.05092730534299478, 0.07254546424467193, 0.00025332489473774427, 0.00014231245671346508, 0.27715801465738976, 0.006442669502385661, 0.037846650805566276, 0.03177652531976372, 0.4514992628178066, 0.04819173252307414, 0.18399728268987553, 0.25261106716584586], "k_min_probs_0.4": [0.07854084708482083, 0.004968915441150232, 0.030181844878468693, 0.08655142835414154, 0.016149323908148647, 0.0003725492149458659, 0.08059248156681789, 0.1679824043901902, 0.1069559048092011, 0.15872778678884988, 0.0006652981484996738, 0.00029075063848577596, 0.4922239439568811, 0.014978483906138446, 0.0691697440449977, 0.09499812659093247, 0.6789820727146934, 0.08873354050778218, 0.3539933205032082, 0.46726712934768705], "k_min_probs_0.5": [0.15881967481408912, 0.010708568621838839, 0.06185607182258037, 0.21843055761459182, 0.03912918193645073, 0.0008499264617998057, 0.18382018608892536, 0.2840942239904703, 0.20433514241183945, 0.3045033086253919, 0.0013904978303299668, 0.0006290643527554672, 0.7455565334160758, 0.030598977151698906, 0.11998256065040443, 0.233445937666222, 0.925989333411916, 0.16004296803262597, 0.5902750954278471, 0.7349932137630223], "k_min_probs_0.6": [0.3051063942945202, 0.034057362379873925, 0.11786436768901326, 0.4293658524470421, 0.0917625201291973, 0.001863450444341471, 0.3451701873325434, 0.4384374181938577, 0.36436766371651386, 0.5075794490116737, 0.0029180930042781448, 0.0015407749761010522, 1.0238873353463847, 0.06716305933133934, 0.21280698161646405, 0.4454172671892926, 1.1700850679182289, 0.2890327947223376, 0.8964148802169921, 1.0274502194761999], "k_max_probs_0.05": [8.802849864959716, 9.443479537963867, 9.927897109985352, 9.237092056274413, 7.829011898040772, 7.304688539505005, 11.384525871276855, 10.34441831588745, 9.796795654296876, 10.689473114013673, 4.422257394790649, 4.9262963485717775, 9.692022800445557, 8.998219451904298, 9.729863357543945, 9.873025512695312, 9.554796638488769, 8.277811546325683, 10.303472633361816, 9.465718708038331], "k_max_probs_0.1": [7.512464476566689, 7.734170923046038, 8.059069231444715, 7.982821829178754, 6.401004445319082, 4.679221506212272, 9.200802644093832, 8.682430865717869, 8.37350393744076, 9.258379440681606, 3.3477471622766233, 2.9885013828090594, 8.044533879149194, 7.292153882045372, 8.111597921334061, 8.485777228486304, 8.260947760413675, 7.073639103010589, 9.075133435866412, 8.24463030871223], "k_max_probs_0.2": [5.996850951045167, 5.802384724803999, 5.982896730011585, 6.680708693523033, 4.6855196064593745, 2.5066916530623153, 7.183222013361314, 6.962241041894052, 6.6064051787058515, 7.507304574929032, 1.911917906181485, 1.60409653646981, 6.4035005195468075, 5.333742639597724, 6.3421896555844475, 6.835543193069159, 6.97957116949792, 5.6532835633147, 7.587153958339317, 7.00105255725337], "k_max_probs_0.3": [5.0285231474957435, 4.4857689368179425, 4.602150612407261, 5.728104437098784, 3.6677246257370593, 1.6933234149918837, 5.8932817216013, 5.765510370528776, 5.465044445461697, 6.255072604597005, 1.299260262886878, 1.084643201999902, 5.479116084528904, 4.063299450219846, 5.074363784852371, 5.702357530593872, 6.121388457179848, 4.7101419174593255, 6.569078747743095, 6.099605976366529], "k_max_probs_0.4": [4.255934586127599, 3.53148245329366, 3.663782688916898, 4.932806795134264, 2.93875524986024, 1.2749350500548733, 4.920713332353854, 4.85463471623028, 4.593280943001018, 5.269785081639009, 0.9806419621523031, 0.817511165359368, 4.856192166898765, 3.221892279152777, 4.147689137096498, 4.866381791876812, 5.3898667751574045, 3.968902165398878, 5.7480956140686486, 5.384500656642166], "k_max_probs_0.5": [3.6150827033846986, 2.856437951574723, 3.011670958294588, 4.246311181199317, 2.4231809063869365, 1.0213593070340508, 4.169924657251321, 4.1257384508263835, 3.9099645390230067, 4.520420095499824, 0.7866575704047493, 0.6552547517460863, 4.3706675033943325, 2.6286250331238206, 3.4553935318600897, 4.197110726786595, 4.792374401466519, 3.364628689429339, 5.0867507803673835, 4.8083277290942625], "k_max_probs_0.6": [3.0937317113081613, 2.3861136492159143, 2.541708635933259, 3.6649011042382984, 2.041636049650074, 0.8516019243645038, 3.575777551512313, 3.5628722927539176, 3.358816719327877, 3.9149509789117802, 0.6562760095629427, 0.5463830261358845, 3.937613463479709, 2.206346835113234, 2.9342160688019265, 3.6309726214876363, 4.314267044363458, 2.879177033609035, 4.49761494857813, 4.309887483229045], "min_k_plus_plus_0.05": [2.7790739917755127, 2.486079659461975, 3.964466762542725, 3.1374618673324584, 6.340059342384339, 1.2657396215200425, 4.022633676528931, 4.362856550216675, 2.9780600261688233, 3.1226457023620604, 2.3147542572021482, 1.1113683869433588, 3.7241013717651366, 3.128682804107666, 3.482766923904419, 3.0054365015029907, 2.6401947355270385, 3.4440903520584105, 2.4085394859313967, 2.829697413444519], "min_k_plus_plus_0.1": [1.9639548320396274, 1.594177963102565, 2.5199544429779053, 2.2114556630452475, 3.6083300324047314, 0.6203221278733062, 2.646472970644633, 2.978224707584755, 2.087647833076178, 2.362915508887347, 1.2245655268608757, 0.5436487262463654, 2.5927522509705785, 2.100491565816543, 2.557221204626794, 2.143442820100223, 1.987798295769037, 2.440050800641378, 1.961200849682677, 2.0297356750450883],