{"ppl": [2.7251408100128174, 7.69011926651001, 7.698508262634277, 3.941689968109131, 4.604520797729492, 6.187154769897461, 5.588939666748047, 4.376616954803467, 4.386435508728027, 2.85956072807312, 2.1119871139526367, 4.218376159667969, 21.31365394592285, 1.4249383211135864, 15.413247108459473, 19.593685150146484, 16.530370712280273, 3.3898117542266846, 7.650153160095215, 5.34248161315918], "lowercase_ppl": [3.2845072746276855, 11.269559860229492, 8.750547409057617, 4.662692070007324, 4.656565189361572, 6.525853633880615, 6.264805793762207, 5.082120418548584, 4.315737724304199, 3.038419723510742, 2.2493324279785156, 4.560242652893066, 25.615690231323242, 2.140625238418579, 18.116012573242188, 22.506139755249023, 23.900699615478516, 5.182439804077148, 12.26719856262207, 6.482325553894043], "k_min_probs_0.05": [9.966590143449138e-05, 0.005272586519131437, 0.002677260411437601, 0.0002952509068563813, 2.3392968614643905e-05, 0.0008288706641178578, 0.00032908888591919093, 0.0005266302199743222, 0.000925927673233673, 0.0005228660348075209, 4.764434495882597e-05, 0.000410296186018968, 0.012042117031523959, 1.0409286351205083e-05, 0.0013935523631516844, 0.008602328528068028, 0.007636943943507504, 0.0002077285254927119, 0.0012927247700281442, 0.0007944022212177515], "k_min_probs_0.1": [0.00037211556453115133, 0.01469411899383618, 0.006275313896099653, 0.0006497471167676849, 0.00017622014422158828, 0.001998109840582508, 0.0006130274408611049, 0.0015739594558659056, 0.0020073278819658226, 0.0011177194141419023, 8.261471431943195e-05, 0.0008556460380336206, 0.040372593395124355, 2.7543778127009692e-05, 0.003292941025517625, 0.029087663137105146, 0.020146515238522233, 0.0008623408678021424, 0.00409358934449105, 0.0014998818263776746], "k_min_probs_0.2": [0.0013279580485579894, 0.059249259391400105, 0.01635272688102251, 0.0019063798541252503, 0.0007491947054125439, 0.006074070111864393, 0.0013718865590692754, 0.005877536054529129, 0.005950044383758259, 0.003210897468667135, 0.00019081220726351888, 0.003473118502869529, 0.12700646762951853, 8.634804637450525e-05, 0.015919422444615822, 0.10174509116055275, 0.06565758703707651, 0.003642409955639724, 0.017134422934545642, 0.005289613107201077], "k_min_probs_0.3": [0.0036685745093017154, 0.11974144897829236, 0.03478190597729587, 0.004484385837844267, 0.002059230978524714, 0.012472091743903648, 0.003019011313619938, 0.01491488005594161, 0.014104099688386496, 0.007116171293139796, 0.0004144558092092089, 0.010348890687810185, 0.2948928260972215, 0.0001922232734531005, 0.049846542650092626, 0.24425108833122447, 0.17867983274424892, 0.008652239598257653, 0.04287053207947501, 0.017315049249423193], "k_min_probs_0.4": [0.008228399505126207, 0.20009962075196466, 0.07638649096656545, 0.010254660978493941, 0.005882362017984247, 0.026284513010514453, 0.009122455868468844, 0.03400056106563045, 0.032663302550716644, 0.013904718444143444, 0.0007562025827574675, 0.025574030924444206, 0.5332064380141388, 0.00037834964781696353, 0.12075310640847972, 0.4586621671554823, 0.3692584530879186, 0.018846108284922627, 0.08853686317218258, 0.03837104263263481], "k_min_probs_0.5": [0.01749351698620326, 0.32434340809145484, 0.16398398462915792, 0.026999977224612868, 0.01774248537589745, 0.06366312778589096, 0.03543529974453051, 0.0700861779386697, 0.06944941616806603, 0.028137935578191293, 0.001537804018730907, 0.05260753297344291, 0.825510655890114, 0.0007878063335363763, 0.2554709973458575, 0.7250743063937704, 0.6077931424602581, 0.03807896230943751, 0.17596756460387078, 0.08037102933260887], "k_min_probs_0.6": [0.03738936065257887, 0.4946370496878931, 0.33033972283581037, 0.06329462150782633, 0.05798344871326914, 0.16694127300895334, 0.10009349051816731, 0.14199396903653774, 0.13646193838431395, 0.06454100018549454, 0.003368196599510507, 0.10027339040653697, 1.1526133739409452, 0.0016084449680137862, 0.5031321852372272, 1.0348906214869702, 0.9015536227969373, 0.08238667927710243, 0.32095808263893205, 0.17500199327090135], "k_max_probs_0.05": [7.737076358795166, 9.188201541900634, 8.65043830871582, 8.299160461425782, 8.891748752593994, 9.127432956695557, 10.398793983459473, 8.029647617340087, 9.515186996459962, 8.182480850219726, 7.311808815002442, 9.588382911682128, 10.107903137207032, 4.2216100025177, 11.413319244384766, 10.57658432006836, 9.684295845031738, 8.620016536712647, 9.754729919433593, 9.040570011138916], "k_max_probs_0.1": [6.10520502165252, 7.688750491422765, 7.612107622857187, 6.913816405277626, 7.524206647872925, 7.912175225276573, 8.77581959144742, 6.654855382208731, 7.646176646737492, 6.177032270431519, 5.618433498868756, 7.77988738639682, 8.988587501002293, 2.958844488742305, 9.731232325236002, 9.257014087602204, 8.646752544477874, 7.149240390927184, 8.436258951822916, 7.642928665759516], "k_max_probs_0.2": [4.233089443515329, 6.067226185518153, 6.424693065531113, 5.332943920995675, 5.904934111208019, 6.389080255639319, 6.726047338223925, 5.238772060356888, 5.576883629256604, 4.224024813954193, 3.604456560868843, 5.704163004370296, 7.603167762943342, 1.7289866412094994, 8.115801044538909, 7.66911307035708, 7.374909274718341, 4.978602478317186, 6.713864228304694, 5.923172314961751], "k_max_probs_0.3": [3.145701247103074, 5.1157165773553785, 5.446693853615156, 4.215393222235386, 4.697621943919282, 5.234584264505923, 5.213577253366608, 4.271081723418891, 4.351518432299296, 3.196810833270976, 2.4761847399808223, 4.342951235428355, 6.636558398701786, 1.1738415763049928, 7.059770450093388, 6.6679114516264475, 6.429716063480751, 3.714583365356221, 5.509958853129468, 4.790136692570705], "k_max_probs_0.4": [2.4541039504841264, 4.357885450124741, 4.607057106845519, 3.3388146816515456, 3.732336367145548, 4.309409984186584, 4.15717051923275, 3.4815248169151007, 3.495662481761446, 2.5298585407804737, 1.8675901635056908, 3.4528630299895418, 5.918703602809532, 0.8846029277078296, 6.085361945862863, 5.8854071392732505, 5.6601024994663165, 2.932272926265118, 4.605376930797801, 3.930504795383005], "k_max_probs_0.5": [1.9911008649596982, 3.7555294116338094, 3.91806936825023, 2.7210506120148827, 3.0363346874479236, 3.5870952252079458, 3.4118929590664657, 2.886964317980935, 2.892105114927479, 2.0768369412611403, 1.4966220325297293, 2.8310476161101286, 5.295498369254318, 0.7088447415416002, 5.2209614440506575, 5.228608569911882, 5.0059317364412195, 2.407500884754985, 3.8934836792010885, 3.2760184684220484], "k_max_probs_0.6": [1.6685471311942035, 3.2664942692697436, 3.350786800088446, 2.283488083521233, 2.5477315704460795, 3.025515135645477, 2.8673428798374396, 2.44215529558121, 2.446768732096245, 1.7418435484097146, 1.2479792747317868, 2.3863816806936966, 4.748439916987825, 0.5911141796097664, 4.485450597954731, 4.657914563331729, 4.434229048248989, 2.0257972801481587, 3.3321847943893443, 2.7722257036301823], "min_k_plus_plus_0.05": [3.307376227378845, 2.7856594944000244, 3.4135887813568115, 2.701777901649475, 2.677585220336914, 2.540816864967346, 3.052776355743408, 2.5782522678375246, 2.582635383605957, 3.038286232948303, 1.532668262720108, 3.046827321052551, 2.910149531364441, 1.0902393251657485, 2.749318962097168, 2.8339474630355834, 3.0319209575653074, 2.537271566390991, 3.1394918727874757, 3.1177300310134886], "min_k_plus_plus_0.1": [2.1998923701398514, 2.0600304323084213, 2.477061584884045, 1.84972436170952, 1.7692229235172272, 1.8831493118230034, 2.0758667424613355, 1.744515622363371, 1.8896452457297082, 1.9567064702510835, 0.8228599613751558, 2.16921319213568, 2.202578065442104, 0.5706156133491472, 2.0103061409557568, 2.2177418517131433, 2.3547033866246543, 1.6508418181363274, 2.341161234706056, 2.141661051441641],