{"ppl": [14.882187843322754, 9.99480152130127, 4.379993915557861, 25.998069763183594, 7.8951311111450195, 3.5415704250335693, 15.501798629760742, 17.2775821685791, 14.85124397277832, 8.615229606628418, 15.493400573730469, 7.893770217895508, 12.831499099731445, 11.37609577178955, 4.655562877655029, 9.8862943649292, 4.113256931304932, 2.303673505783081, 9.832670211791992, 3.9040985107421875], "lowercase_ppl": [17.068387985229492, 11.479567527770996, 4.596155643463135, 28.36595916748047, 10.88511848449707, 6.461190700531006, 16.23291015625, 18.000394821166992, 16.368194580078125, 13.24532413482666, 20.166053771972656, 8.281394004821777, 15.277498245239258, 13.569392204284668, 5.768181800842285, 12.215787887573242, 4.881356716156006, 2.4020001888275146, 11.880658149719238, 4.753610610961914], "k_min_probs_0.05": [0.008359211913048057, 0.002213094317121431, 8.008467544186715e-05, 0.0063257287249871294, 0.0016538494593987707, 0.0006807921051768062, 0.012153217887680512, 0.013391655089944833, 0.007412011913402239, 0.0007708550938696134, 0.0026359117031097413, 0.0006935427311691455, 0.0034481708085513673, 0.002872340710091521, 6.900905889779097e-05, 0.000969163675326854, 0.0001435761825632653, 0.0008235774980857968, 0.0007563138913246803, 0.0001386046496190829], "k_min_probs_0.1": [0.030538672511337447, 0.007038073116050595, 0.00022170459160362026, 0.02560722801400498, 0.004177531837009227, 0.0020329539818293614, 0.030860012991658605, 0.03798254623253859, 0.02294743630423624, 0.0028627086337341917, 0.012120234761752334, 0.003654957437224677, 0.012560184685913982, 0.013868026760974317, 0.00022121434775566312, 0.0031347487808899115, 0.0005157851468645865, 0.0015094050676470586, 0.0042676435743273676, 0.0003042488119450247], "k_min_probs_0.2": [0.12592462065107363, 0.033733076623392144, 0.0008500387763975221, 0.1368664452831902, 0.015354127818343341, 0.005086992630300729, 0.09276249999796467, 0.14381308590725217, 0.09007339142797219, 0.010903638919854512, 0.055172779871260416, 0.018118085813815316, 0.05946447536217759, 0.05310037814144701, 0.001949329573669863, 0.02062011597388168, 0.001964901475151005, 0.0033859386092837097, 0.02051642125490402, 0.0010907502067793223], "k_min_probs_0.3": [0.2534829020339969, 0.08379189266341593, 0.0024315271940280746, 0.3119176125207613, 0.044177939880243086, 0.011268893135312444, 0.19654131614106815, 0.31313937649268636, 0.21362274393211123, 0.026230785852604206, 0.1389632962546707, 0.05869957010882406, 0.16466734599940488, 0.13331009229553875, 0.006888424269033029, 0.06188224031767972, 0.005218263990511831, 0.005694954970309791, 0.06102701932228181, 0.003011299371102568], "k_min_probs_0.4": [0.4315478597665752, 0.15665606625121903, 0.007463367395634653, 0.5470415632509025, 0.1124952160085812, 0.024330649753395328, 0.3458327888901669, 0.5145894991711768, 0.3987734429893666, 0.06618086352948155, 0.29484430096093933, 0.14031096339631938, 0.32992263801330124, 0.2908302392601952, 0.020642116390026964, 0.15705560330174836, 0.012760278372471637, 0.00866781649757268, 0.15971120131539732, 0.008781407649951457], "k_min_probs_0.5": [0.649685050496605, 0.27104623338433587, 0.02284577967707309, 0.8318043665320646, 0.23639074931899598, 0.04733754949404779, 0.5685764638617733, 0.7451821164760023, 0.6477825123589748, 0.16816551979152114, 0.5163535283622789, 0.26228667296005265, 0.546628727093105, 0.4747817515517204, 0.04970272611309851, 0.3067849744168366, 0.03368713358007631, 0.014030131594022261, 0.32558728075633625, 0.026391059803534195], "k_min_probs_0.6": [0.9082102179836749, 0.44053466294447396, 0.08148164072931197, 1.1858237041753419, 0.41870009835644784, 0.08564752323895192, 0.8504154007058745, 1.0197556974258761, 0.9118017040770902, 0.34218266227863375, 0.7712709998797163, 0.42805295995129117, 0.7886942495888255, 0.7189432187122448, 0.11028238138654166, 0.5270950740153424, 0.0913192554735509, 0.02538032508249778, 0.5437164354764427, 0.07241822121816655], "k_max_probs_0.05": [10.56191432952881, 10.329568138122559, 8.714712257385253, 11.086500053405763, 9.846366214752198, 8.095896034240722, 10.26387435913086, 10.161236648559571, 10.151120853424072, 10.512043495178222, 11.553557662963867, 10.421132469177246, 10.116765022277832, 9.509187278747559, 8.676538639068603, 10.311712150573731, 8.727849826812744, 7.505616645812989, 9.30909034729004, 9.093662414550781], "k_max_probs_0.1": [8.884746345819211, 9.031630796544691, 7.228564009946935, 9.77323626536949, 8.192138671875, 6.6581731871062635, 9.015411311504888, 8.830054292491837, 8.685049561893239, 8.77659517176011, 9.657230124754065, 8.453304300121232, 8.530362549950095, 8.119872906628776, 7.379321939804974, 8.627790441700057, 7.254232107424269, 5.586037864872053, 8.187037561454025, 7.311687030044257], "k_max_probs_0.2": [7.175192061592551, 7.270267968084298, 5.551479914609124, 8.283837042602839, 6.4657037889256195, 4.9822115009906245, 7.421078116286035, 7.348824136397418, 7.179608550726199, 6.973652909783756, 7.864126836552339, 6.53573026376612, 6.970774571100871, 6.665657403422337, 5.72339368801491, 6.878925407634062, 5.386105509365306, 3.692524597340939, 6.675137893826354, 5.311045564857184], "k_max_probs_0.3": [6.157866872214024, 6.032963134104909, 4.397398234192842, 7.169954480688556, 5.341948429743449, 3.859284335491704, 6.3472908150916005, 6.353536961125393, 6.147167481628119, 5.775127766179104, 6.615420029833426, 5.36481117578893, 5.985962817871493, 5.716664939144858, 4.574249549628862, 5.793679514741586, 4.228044071228676, 2.666438015847424, 5.691847567464791, 4.120367842562058], "k_max_probs_0.4": [5.388566430877237, 5.097075258984285, 3.574262981613477, 6.365536949213813, 4.53756544695181, 3.037367816649231, 5.576691144821691, 5.593889052961387, 5.378153658380695, 4.87356475054049, 5.695462473467285, 4.525251270509234, 5.196716002389496, 5.000311382845337, 3.6840075435591677, 4.9388666871716, 3.4029191361338484, 2.051681205192033, 4.900114265142703, 3.30074239288475], "k_max_probs_0.5": [4.754042793722713, 4.3383291368391, 2.9363700478100307, 5.687320955126894, 3.8961017262701896, 2.486005821531894, 4.916927943977655, 4.956865197536992, 4.75145253200157, 4.143824837955774, 4.9687076189938715, 3.874145173325258, 4.557177174325083, 4.391644983198129, 3.0315202666263956, 4.279589378600027, 2.7993720230518604, 1.6580411108101116, 4.249724901891222, 2.7023235499274496], "k_max_probs_0.6": [4.21737478761112, 3.738183712452845, 2.461446207187145, 5.07082575131086, 3.3687469189852672, 2.095248866217588, 4.343276233844508, 4.410743745713452, 4.235362410155776, 3.5509982904772355, 4.376156996667775, 3.354786466734082, 4.033223159172955, 3.8634581842453652, 2.5543580196700453, 3.7193591183696695, 2.3529375602850338, 1.3877153999774772, 3.708087624872432, 2.268485097019793], "min_k_plus_plus_0.05": [3.081539287567139, 3.0518713998794555, 2.2635233497619627, 2.638267812728882, 3.138196063041687, 2.4464943170547486, 2.9360228157043458, 2.80970890045166, 2.6169276905059813, 3.4386604690551756, 3.644469156265259, 2.929017643928528, 3.0542314577102663, 2.837898893356323, 3.2015353775024415, 2.786871509552002, 2.251856498718262, 3.5931875276565552, 2.6025006055831907, 3.6526365756988524], "min_k_plus_plus_0.1": [2.397990488538555, 2.279977737688551, 1.59240797921723, 2.1583257282481476, 2.2372065689049516, 1.8292571516597973, 2.242290326193267, 2.165218061091853, 1.973421014991461, 2.3679770242934133, 2.6189616591322658, 2.18813947836558, 2.26200518654842, 2.050648373716018, 2.2286747729077057, 2.082766135533651, 1.6088548174091415, 2.152330061384276, 2.000788253896377, 2.3013983298750484],