seed,heldout_member_count,heldout_nonmember_count,member_mean_score,nonmember_mean_score,mean_gap_nonmember_minus_member,t_statistic,p_value
11,3,3,2.6094794273376465,2.8516950607299805,0.24221563339233398,-0.06663167778725705,0.4754729338036217
12,3,3,7.72011137008667,-4.198666095733643,-11.918777465820312,2.5917905456662065,0.9459735768562371
